timestep_time;edge_id;lane_id;vehicle_id;vehicle_pos;vehicle_speed
0.00;;;;;
1.00;;;;;
2.00;;;;;
3.00;;;;;
4.00;;;;;
5.00;;;;;
6.00;;;;;
7.00;;;;;
8.00;;;;;
9.00;;;;;
10.00;;;;;
11.00;;;;;
12.00;;;;;
13.00;;;;;
14.00;;;;;
15.00;;;;;
16.00;;;;;
17.00;in;in_0;veh1;3.10;11.00
18.00;in;in_0;veh1;14.10;11.00
19.00;in;in_0;veh1;25.10;11.00
20.00;in;in_0;veh1;36.10;11.00
21.00;in;in_0;veh1;47.10;11.00
22.00;in;in_0;veh1;58.10;11.00
23.00;in;in_0;veh1;69.10;11.00
24.00;in;in_0;veh1;80.10;11.00
25.00;in;in_0;veh1;91.10;11.00
26.00;in;in_0;veh1;102.10;11.00
27.00;in;in_0;veh1;113.10;11.00
28.00;in;in_0;veh1;124.10;11.00
29.00;in;in_0;veh1;135.10;11.00
30.00;in;in_0;veh1;146.10;11.00
31.00;in;in_0;veh1;157.10;11.00
32.00;in;in_0;veh1;168.10;11.00
33.00;in;in_0;veh1;179.10;11.00
34.00;in;in_0;veh1;190.10;11.00
35.00;in;in_0;veh1;201.10;11.00
36.00;in;in_0;veh1;212.10;11.00
37.00;in;in_0;veh2;3.10;13.00
37.00;in;in_0;veh1;223.10;11.00
38.00;in;in_0;veh2;16.10;13.00
38.00;in;in_0;veh1;234.10;11.00
39.00;in;in_0;veh2;29.10;13.00
39.00;in;in_0;veh1;245.10;11.00
40.00;in;in_0;veh2;42.10;13.00
40.00;in;in_0;veh1;256.10;11.00
41.00;in;in_0;veh2;55.10;13.00
41.00;in;in_0;veh1;267.10;11.00
42.00;in;in_0;veh2;68.10;13.00
42.00;in;in_0;veh1;278.10;11.00
43.00;in;in_0;veh2;81.10;13.00
43.00;in;in_0;veh1;289.10;11.00
44.00;in;in_0;veh2;94.10;13.00
44.00;in;in_0;veh1;300.10;11.00
45.00;in;in_0;veh2;107.10;13.00
45.00;in;in_0;veh1;311.10;11.00
46.00;in;in_0;veh2;120.10;13.00
46.00;in;in_0;veh1;322.10;11.00
47.00;in;in_0;veh2;133.10;13.00
47.00;in;in_0;veh1;333.10;11.00
48.00;in;in_0;veh2;146.10;13.00
48.00;in;in_0;veh1;344.10;11.00
49.00;in;in_0;veh2;159.10;13.00
49.00;in;in_0;veh1;355.10;11.00
50.00;in;in_0;veh2;172.10;13.00
50.00;in;in_0;veh1;366.10;11.00
51.00;in;in_0;veh2;185.10;13.00
51.00;in;in_0;veh1;377.10;11.00
52.00;in;in_0;veh2;198.10;13.00
52.00;in;in_0;veh1;388.10;11.00
53.00;in;in_0;veh2;211.10;13.00
53.00;in;in_0;veh1;399.11;11.00
54.00;in;in_0;veh2;224.10;13.00
54.00;in;in_0;veh1;410.11;11.00
55.00;in;in_0;veh2;237.10;13.00
55.00;in;in_0;veh1;421.11;11.00
56.00;in;in_0;veh3;3.10;9.00
56.00;in;in_0;veh2;250.10;13.00
56.00;in;in_0;veh1;432.11;11.00
57.00;in;in_0;veh3;12.10;9.00
57.00;in;in_0;veh2;263.10;13.00
57.00;in;in_0;veh1;443.11;11.00
58.00;in;in_0;veh3;21.10;9.00
58.00;in;in_0;veh2;276.10;13.00
58.00;in;in_0;veh1;454.11;11.00
59.00;in;in_0;veh3;30.10;9.00
59.00;in;in_0;veh2;289.10;13.00
59.00;in;in_0;veh1;465.11;11.00
60.00;in;in_0;veh3;39.10;9.00
60.00;in;in_0;veh2;302.10;13.00
60.00;in;in_0;veh1;476.11;11.00
61.00;in;in_0;veh3;48.10;9.00
61.00;in;in_0;veh2;315.10;13.00
61.00;in;in_0;veh1;487.11;11.00
62.00;in;in_0;veh3;57.10;9.00
62.00;in;in_0;veh2;328.10;13.00
62.00;in;in_0;veh1;498.11;11.00
63.00;in;in_0;veh3;66.10;9.00
63.00;in;in_0;veh2;341.10;13.00
63.00;in;in_0;veh1;509.11;11.00
64.00;in;in_0;veh3;75.10;9.00
64.00;in;in_0;veh2;354.10;13.00
64.00;in;in_0;veh1;520.11;11.00
65.00;in;in_0;veh3;84.10;9.00
65.00;in;in_0;veh2;367.10;13.00
65.00;in;in_0;veh1;531.11;11.00
66.00;in;in_0;veh3;93.10;9.00
66.00;in;in_0;veh2;380.10;13.00
66.00;in;in_0;veh1;542.11;11.00
67.00;in;in_0;veh3;102.10;9.00
67.00;in;in_0;veh2;393.10;13.00
67.00;in;in_0;veh1;553.11;11.00
68.00;in;in_0;veh3;111.10;9.00
68.00;in;in_0;veh2;406.10;13.00
68.00;in;in_0;veh1;564.11;11.00
69.00;in;in_0;veh3;120.10;9.00
69.00;in;in_0;veh2;419.10;13.00
69.00;in;in_0;veh1;575.11;11.00
70.00;in;in_0;veh3;129.10;9.00
70.00;in;in_0;veh2;432.10;13.00
70.00;in;in_0;veh1;586.11;11.00
71.00;in;in_0;veh3;138.10;9.00
71.00;in;in_0;veh2;445.10;13.00
71.00;in;in_0;veh1;597.11;11.00
72.00;in;in_0;veh3;147.10;9.00
72.00;in;in_0;veh2;458.10;13.00
72.00;in;in_0;veh1;608.11;11.00
73.00;in;in_0;veh3;156.10;9.00
73.00;in;in_0;veh2;471.10;13.00
73.00;in;in_0;veh1;619.11;11.00
74.00;in;in_0;veh3;165.10;9.00
74.00;in;in_0;veh2;484.10;13.00
74.00;in;in_0;veh1;630.11;11.00
75.00;in;in_0;veh4;3.10;10.00
75.00;in;in_0;veh3;174.10;9.00
75.00;in;in_0;veh2;497.11;13.00
75.00;in;in_0;veh1;641.11;11.00
76.00;in;in_0;veh4;13.10;10.00
76.00;in;in_0;veh3;183.10;9.00
76.00;in;in_0;veh2;510.11;13.00
76.00;in;in_0;veh1;652.11;11.00
77.00;in;in_0;veh4;23.10;10.00
77.00;in;in_0;veh3;192.10;9.00
77.00;in;in_0;veh2;523.11;13.00
77.00;in;in_0;veh1;663.11;11.00
78.00;in;in_0;veh4;33.10;10.00
78.00;in;in_0;veh3;201.10;9.00
78.00;in;in_0;veh2;536.11;13.00
78.00;in;in_0;veh1;674.11;11.00
79.00;in;in_0;veh4;43.10;10.00
79.00;in;in_0;veh3;210.10;9.00
79.00;in;in_0;veh2;549.11;13.00
79.00;in;in_0;veh1;685.11;11.00
80.00;in;in_0;veh4;53.10;10.00
80.00;in;in_0;veh3;219.10;9.00
80.00;in;in_0;veh2;562.11;13.00
80.00;in;in_0;veh1;696.12;11.00
81.00;in;in_0;veh4;63.10;10.00
81.00;in;in_0;veh3;228.10;9.00
81.00;in;in_0;veh2;575.11;13.00
81.00;in;in_0;veh1;707.12;11.00
82.00;in;in_0;veh4;73.10;10.00
82.00;in;in_0;veh3;237.10;9.00
82.00;in;in_0;veh2;588.11;13.00
82.00;in;in_0;veh1;718.12;11.00
83.00;in;in_0;veh4;83.10;10.00
83.00;in;in_0;veh3;246.10;9.00
83.00;in;in_0;veh2;601.11;13.00
83.00;in;in_0;veh1;729.12;11.00
84.00;in;in_0;veh4;93.10;10.00
84.00;in;in_0;veh3;255.10;9.00
84.00;in;in_0;veh2;614.11;13.00
84.00;in;in_0;veh1;740.12;11.00
85.00;in;in_0;veh4;103.10;10.00
85.00;in;in_0;veh3;264.10;9.00
85.00;in;in_0;veh2;627.11;13.00
85.00;in;in_0;veh1;751.12;11.00
86.00;in;in_0;veh4;113.10;10.00
86.00;in;in_0;veh3;273.10;9.00
86.00;in;in_0;veh2;640.11;13.00
86.00;in;in_0;veh1;762.12;11.00
87.00;in;in_0;veh5;3.10;10.00
87.00;in;in_0;veh4;123.10;10.00
87.00;in;in_0;veh3;282.10;9.00
87.00;in;in_0;veh2;653.11;13.00
87.00;in;in_0;veh1;773.12;11.00
88.00;in;in_0;veh5;13.10;10.00
88.00;in;in_0;veh4;133.10;10.00
88.00;in;in_0;veh3;291.10;9.00
88.00;in;in_0;veh2;666.11;13.00
88.00;in;in_0;veh1;784.12;11.00
89.00;in;in_0;veh5;23.10;10.00
89.00;in;in_0;veh4;143.10;10.00
89.00;in;in_0;veh3;300.10;9.00
89.00;in;in_0;veh2;679.11;13.00
89.00;in;in_0;veh1;795.12;11.00
90.00;in;in_0;veh5;33.10;10.00
90.00;in;in_0;veh4;153.10;10.00
90.00;in;in_0;veh3;309.10;9.00
90.00;in;in_0;veh2;692.11;13.00
90.00;in;in_0;veh1;806.12;11.00
91.00;in;in_0;veh5;43.10;10.00
91.00;in;in_0;veh4;163.10;10.00
91.00;in;in_0;veh3;318.10;9.00
91.00;in;in_0;veh2;705.11;13.00
91.00;in;in_0;veh1;817.12;11.00
92.00;in;in_0;veh5;53.10;10.00
92.00;in;in_0;veh4;173.10;10.00
92.00;in;in_0;veh3;327.11;9.00
92.00;in;in_0;veh2;718.11;13.00
92.00;in;in_0;veh1;828.12;11.00
93.00;in;in_0;veh5;63.10;10.00
93.00;in;in_0;veh4;183.10;10.00
93.00;in;in_0;veh3;336.11;9.00
93.00;in;in_0;veh2;731.11;13.00
93.00;in;in_0;veh1;839.12;11.00
94.00;in;in_0;veh5;73.10;10.00
94.00;in;in_0;veh4;193.10;10.00
94.00;in;in_0;veh3;345.11;9.00
94.00;in;in_0;veh2;744.11;13.00
94.00;in;in_0;veh1;850.12;11.00
95.00;in;in_0;veh6;3.10;12.00
95.00;in;in_0;veh5;83.10;10.00
95.00;in;in_0;veh4;203.10;10.00
95.00;in;in_0;veh3;354.11;9.00
95.00;in;in_0;veh2;757.11;13.00
95.00;in;in_0;veh1;861.12;11.00
96.00;in;in_0;veh6;15.10;12.00
96.00;in;in_0;veh5;93.10;10.00
96.00;in;in_0;veh4;213.10;10.00
96.00;in;in_0;veh3;363.11;9.00
96.00;in;in_0;veh2;770.11;13.00
96.00;in;in_0;veh1;872.12;11.00
97.00;in;in_0;veh6;27.10;12.00
97.00;in;in_0;veh5;103.10;10.00
97.00;in;in_0;veh4;223.10;10.00
97.00;in;in_0;veh3;372.11;9.00
97.00;in;in_0;veh2;783.11;13.00
97.00;in;in_0;veh1;883.12;11.00
98.00;in;in_0;veh6;39.10;12.00
98.00;in;in_0;veh5;113.10;10.00
98.00;in;in_0;veh4;233.10;10.00
98.00;in;in_0;veh3;381.11;9.00
98.00;in;in_0;veh2;796.11;13.00
98.00;in;in_0;veh1;894.13;11.00
99.00;in;in_0;veh6;51.10;12.00
99.00;in;in_0;veh5;123.10;10.00
99.00;in;in_0;veh4;243.10;10.00
99.00;in;in_0;veh3;390.11;9.00
99.00;in;in_0;veh2;809.11;13.00
99.00;in;in_0;veh1;905.13;11.00
100.00;in;in_0;veh6;63.10;12.00
100.00;in;in_0;veh5;133.10;10.00
100.00;in;in_0;veh4;253.10;10.00
100.00;in;in_0;veh3;399.11;9.00
100.00;in;in_0;veh2;822.11;13.00
100.00;in;in_0;veh1;916.13;11.00
101.00;in;in_0;veh6;75.10;12.00
101.00;in;in_0;veh5;143.10;10.00
101.00;in;in_0;veh4;263.10;10.00
101.00;in;in_0;veh3;408.11;9.00
101.00;in;in_0;veh2;835.12;13.00
101.00;in;in_0;veh1;927.13;11.00
102.00;in;in_0;veh6;87.10;12.00
102.00;in;in_0;veh5;153.10;10.00
102.00;in;in_0;veh4;273.10;10.00
102.00;in;in_0;veh3;417.11;9.00
102.00;in;in_0;veh2;848.12;13.00
102.00;in;in_0;veh1;938.13;11.00
103.00;in;in_0;veh6;99.10;12.00
103.00;in;in_0;veh5;163.10;10.00
103.00;in;in_0;veh4;283.10;10.00
103.00;in;in_0;veh3;426.11;9.00
103.00;in;in_0;veh2;861.12;13.00
103.00;in;in_0;veh1;949.13;11.00
104.00;in;in_0;veh6;111.10;12.00
104.00;in;in_0;veh5;173.10;10.00
104.00;in;in_0;veh4;293.10;10.00
104.00;in;in_0;veh3;435.11;9.00
104.00;in;in_0;veh2;874.12;13.00
104.00;in;in_0;veh1;960.13;11.00
105.00;in;in_0;veh6;123.10;12.00
105.00;in;in_0;veh5;183.10;10.00
105.00;in;in_0;veh4;303.10;10.00
105.00;in;in_0;veh3;444.11;9.00
105.00;in;in_0;veh2;887.12;13.00
105.00;in;in_0;veh1;971.13;11.00
106.00;in;in_0;veh6;135.10;12.00
106.00;in;in_0;veh5;193.10;10.00
106.00;in;in_0;veh4;313.10;10.00
106.00;in;in_0;veh3;453.11;9.00
106.00;in;in_0;veh2;900.12;13.00
106.00;in;in_0;veh1;982.13;11.00
107.00;in;in_0;veh6;147.10;12.00
107.00;in;in_0;veh5;203.10;10.00
107.00;in;in_0;veh4;323.10;10.00
107.00;in;in_0;veh3;462.11;9.00
107.00;in;in_0;veh2;913.12;13.00
107.00;in;in_0;veh1;993.13;11.00
108.00;in;in_0;veh6;159.10;12.00
108.00;in;in_0;veh5;213.10;10.00
108.00;in;in_0;veh4;333.10;10.00
108.00;in;in_0;veh3;471.11;9.00
108.00;in;in_0;veh2;926.12;13.00
109.00;in;in_0;veh6;171.10;12.00
109.00;in;in_0;veh5;223.10;10.00
109.00;in;in_0;veh4;343.10;10.00
109.00;in;in_0;veh3;480.11;9.00
109.00;in;in_0;veh2;939.12;13.00
110.00;in;in_0;veh6;183.10;12.00
110.00;in;in_0;veh5;233.10;10.00
110.00;in;in_0;veh4;353.10;10.00
110.00;in;in_0;veh3;489.11;9.00
110.00;in;in_0;veh2;952.12;13.00
111.00;in;in_0;veh7;3.10;8.00
111.00;in;in_0;veh6;195.10;12.00
111.00;in;in_0;veh5;243.10;10.00
111.00;in;in_0;veh4;363.11;10.00
111.00;in;in_0;veh3;498.11;9.00
111.00;in;in_0;veh2;965.12;13.00
112.00;in;in_0;veh7;11.10;8.00
112.00;in;in_0;veh6;207.10;12.00
112.00;in;in_0;veh5;253.10;10.00
112.00;in;in_0;veh4;373.11;10.00
112.00;in;in_0;veh3;507.11;9.00
112.00;in;in_0;veh2;978.12;13.00
113.00;in;in_0;veh7;19.10;8.00
113.00;in;in_0;veh6;219.10;12.00
113.00;in;in_0;veh5;263.10;10.00
113.00;in;in_0;veh4;383.11;10.00
113.00;in;in_0;veh3;516.11;9.00
113.00;in;in_0;veh2;991.12;13.00
114.00;in;in_0;veh7;27.10;8.00
114.00;in;in_0;veh6;231.10;12.00
114.00;in;in_0;veh5;273.10;10.00
114.00;in;in_0;veh4;393.11;10.00
114.00;in;in_0;veh3;525.11;9.00
115.00;in;in_0;veh7;35.10;8.00
115.00;in;in_0;veh6;243.10;12.00
115.00;in;in_0;veh5;283.10;10.00
115.00;in;in_0;veh4;403.11;10.00
115.00;in;in_0;veh3;534.11;9.00
116.00;in;in_0;veh7;43.10;8.00
116.00;in;in_0;veh6;255.10;12.00
116.00;in;in_0;veh5;293.10;10.00
116.00;in;in_0;veh4;413.11;10.00
116.00;in;in_0;veh3;543.11;9.00
117.00;in;in_0;veh7;51.10;8.00
117.00;in;in_0;veh6;267.10;12.00
117.00;in;in_0;veh5;303.10;10.00
117.00;in;in_0;veh4;423.11;10.00
117.00;in;in_0;veh3;552.11;9.00
118.00;in;in_0;veh7;59.10;8.00
118.00;in;in_0;veh6;279.10;12.00
118.00;in;in_0;veh5;313.10;10.00
118.00;in;in_0;veh4;433.11;10.00
118.00;in;in_0;veh3;561.11;9.00
119.00;in;in_0;veh8;3.10;8.00
119.00;in;in_0;veh7;67.10;8.00
119.00;in;in_0;veh6;291.10;12.00
119.00;in;in_0;veh5;323.10;10.00
119.00;in;in_0;veh4;443.11;10.00
119.00;in;in_0;veh3;570.12;9.00
120.00;in;in_0;veh8;11.10;8.00
120.00;in;in_0;veh7;75.10;8.00
120.00;in;in_0;veh6;303.10;12.00
120.00;in;in_0;veh5;333.10;10.00
120.00;in;in_0;veh4;453.11;10.00
120.00;in;in_0;veh3;579.12;9.00
121.00;in;in_0;veh8;19.10;8.00
121.00;in;in_0;veh7;83.10;8.00
121.00;in;in_0;veh6;315.10;12.00
121.00;in;in_0;veh5;343.10;10.00
121.00;in;in_0;veh4;463.11;10.00
121.00;in;in_0;veh3;588.12;9.00
122.00;in;in_0;veh8;27.10;8.00
122.00;in;in_0;veh7;91.10;8.00
122.00;in;in_0;veh6;327.10;12.00
122.00;in;in_0;veh5;353.10;10.00
122.00;in;in_0;veh4;473.11;10.00
122.00;in;in_0;veh3;597.12;9.00
123.00;in;in_0;veh8;35.10;8.00
123.00;in;in_0;veh7;99.10;8.00
123.00;in;in_0;veh6;338.85;11.75
123.00;in;in_0;veh5;363.10;10.00
123.00;in;in_0;veh4;483.11;10.00
123.00;in;in_0;veh3;606.12;9.00
124.00;in;in_0;veh8;43.10;8.00
124.00;in;in_0;veh7;107.10;8.00
124.00;in;in_0;veh6;350.31;11.46
124.00;in;in_0;veh5;373.11;10.00
124.00;in;in_0;veh4;493.11;10.00
124.00;in;in_0;veh3;615.12;9.00
125.00;in;in_0;veh8;51.10;8.00
125.00;in;in_0;veh7;115.10;8.00
125.00;in;in_0;veh6;361.53;11.22
125.00;in;in_0;veh5;383.11;10.00
125.00;in;in_0;veh4;503.11;10.00
125.00;in;in_0;veh3;624.12;9.00
126.00;in;in_0;veh8;59.10;8.00
126.00;in;in_0;veh7;123.10;8.00
126.00;in;in_0;veh6;372.54;11.01
126.00;in;in_0;veh5;393.11;10.00
126.00;in;in_0;veh4;513.11;10.00
126.00;in;in_0;veh3;633.12;9.00
127.00;in;in_0;veh8;67.10;8.00
127.00;in;in_0;veh7;131.10;8.00
127.00;in;in_0;veh6;383.38;10.84
127.00;in;in_0;veh5;403.11;10.00
127.00;in;in_0;veh4;523.11;10.00
127.00;in;in_0;veh3;642.12;9.00
128.00;in;in_0;veh8;75.10;8.00
128.00;in;in_0;veh7;139.10;8.00
128.00;in;in_0;veh6;394.09;10.70
128.00;in;in_0;veh5;413.11;10.00
128.00;in;in_0;veh4;533.11;10.00
128.00;in;in_0;veh3;651.12;9.00
129.00;in;in_0;veh8;83.10;8.00
129.00;in;in_0;veh7;147.10;8.00
129.00;in;in_0;veh6;404.67;10.59
129.00;in;in_0;veh5;423.11;10.00
129.00;in;in_0;veh4;543.11;10.00
129.00;in;in_0;veh3;660.12;9.00
130.00;in;in_0;veh8;91.10;8.00
130.00;in;in_0;veh7;155.10;8.00
130.00;in;in_0;veh6;415.16;10.49
130.00;in;in_0;veh5;433.11;10.00
130.00;in;in_0;veh4;553.11;10.00
130.00;in;in_0;veh3;669.12;9.00
131.00;in;in_0;veh8;99.10;8.00
131.00;in;in_0;veh7;163.10;8.00
131.00;in;in_0;veh6;425.57;10.41
131.00;in;in_0;veh5;443.11;10.00
131.00;in;in_0;veh4;563.11;10.00
131.00;in;in_0;veh3;678.12;9.00
132.00;in;in_0;veh8;107.10;8.00
132.00;in;in_0;veh7;171.10;8.00
132.00;in;in_0;veh6;435.91;10.34
132.00;in;in_0;veh5;453.11;10.00
132.00;in;in_0;veh4;573.11;10.00
132.00;in;in_0;veh3;687.12;9.00
133.00;in;in_0;veh8;115.10;8.00
133.00;in;in_0;veh7;179.10;8.00
133.00;in;in_0;veh6;446.19;10.28
133.00;in;in_0;veh5;463.11;10.00
133.00;in;in_0;veh4;583.11;10.00
133.00;in;in_0;veh3;696.12;9.00
134.00;in;in_0;veh8;123.10;8.00
134.00;in;in_0;veh7;187.10;8.00
134.00;in;in_0;veh6;456.43;10.24
134.00;in;in_0;veh5;473.11;10.00
134.00;in;in_0;veh4;593.11;10.00
134.00;in;in_0;veh3;705.12;9.00
135.00;in;in_0;veh8;131.10;8.00
135.00;in;in_0;veh7;195.10;8.00
135.00;in;in_0;veh6;466.63;10.20
135.00;in;in_0;veh5;483.11;10.00
135.00;in;in_0;veh4;603.11;10.00
135.00;in;in_0;veh3;714.12;9.00
136.00;in;in_0;veh8;139.10;8.00
136.00;in;in_0;veh7;203.10;8.00
136.00;in;in_0;veh6;476.79;10.16
136.00;in;in_0;veh5;493.11;10.00
136.00;in;in_0;veh4;613.11;10.00
136.00;in;in_0;veh3;723.12;9.00
137.00;in;in_0;veh8;147.10;8.00
137.00;in;in_0;veh7;211.10;8.00
137.00;in;in_0;veh6;486.93;10.14
137.00;in;in_0;veh5;503.11;10.00
137.00;in;in_0;veh4;623.11;10.00
137.00;in;in_0;veh3;732.12;9.00
138.00;in;in_0;veh9;3.10;11.00
138.00;in;in_0;veh8;155.10;8.00
138.00;in;in_0;veh7;219.10;8.00
138.00;in;in_0;veh6;497.04;10.11
138.00;in;in_0;veh5;513.11;10.00
138.00;in;in_0;veh4;633.12;10.00
138.00;in;in_0;veh3;741.13;9.00
139.00;in;in_0;veh9;14.10;11.00
139.00;in;in_0;veh8;163.10;8.00
139.00;in;in_0;veh7;227.10;8.00
139.00;in;in_0;veh6;507.14;10.10
139.00;in;in_0;veh5;523.11;10.00
139.00;in;in_0;veh4;643.12;10.00
139.00;in;in_0;veh3;750.13;9.00
140.00;in;in_0;veh9;25.10;11.00
140.00;in;in_0;veh8;171.10;8.00
140.00;in;in_0;veh7;235.10;8.00
140.00;in;in_0;veh6;517.21;10.08
140.00;in;in_0;veh5;533.11;10.00
140.00;in;in_0;veh4;653.12;10.00
140.00;in;in_0;veh3;759.13;9.00
141.00;in;in_0;veh9;36.10;11.00
141.00;in;in_0;veh8;179.10;8.00
141.00;in;in_0;veh7;243.10;8.00
141.00;in;in_0;veh6;527.28;10.07
141.00;in;in_0;veh5;543.11;10.00
141.00;in;in_0;veh4;663.12;10.00
141.00;in;in_0;veh3;768.13;9.00
142.00;in;in_0;veh9;47.10;11.00
142.00;in;in_0;veh8;187.10;8.00
142.00;in;in_0;veh7;251.10;8.00
142.00;in;in_0;veh6;537.34;10.06
142.00;in;in_0;veh5;553.11;10.00
142.00;in;in_0;veh4;673.12;10.00
142.00;in;in_0;veh3;777.13;9.00
143.00;in;in_0;veh9;58.10;11.00
143.00;in;in_0;veh8;195.10;8.00
143.00;in;in_0;veh7;259.10;8.00
143.00;in;in_0;veh6;547.38;10.05
143.00;in;in_0;veh5;563.11;10.00
143.00;in;in_0;veh4;683.12;10.00
143.00;in;in_0;veh3;786.13;9.00
144.00;in;in_0;veh9;69.10;11.00
144.00;in;in_0;veh8;203.10;8.00
144.00;in;in_0;veh7;267.10;8.00
144.00;in;in_0;veh6;557.42;10.04
144.00;in;in_0;veh5;573.11;10.00
144.00;in;in_0;veh4;693.12;10.00
144.00;in;in_0;veh3;795.13;9.00
145.00;in;in_0;veh9;80.10;11.00
145.00;in;in_0;veh8;211.10;8.00
145.00;in;in_0;veh7;275.10;8.00
145.00;in;in_0;veh6;567.45;10.03
145.00;in;in_0;veh5;583.11;10.00
145.00;in;in_0;veh4;703.12;10.00
145.00;in;in_0;veh3;804.13;9.00
146.00;in;in_0;veh10;3.10;11.00
146.00;in;in_0;veh9;91.10;11.00
146.00;in;in_0;veh8;219.10;8.00
146.00;in;in_0;veh7;283.10;8.00
146.00;in;in_0;veh6;577.48;10.03
146.00;in;in_0;veh5;593.11;10.00
146.00;in;in_0;veh4;713.12;10.00
146.00;in;in_0;veh3;813.13;9.00
147.00;in;in_0;veh10;14.10;11.00
147.00;in;in_0;veh9;102.10;11.00
147.00;in;in_0;veh8;227.10;8.00
147.00;in;in_0;veh7;291.10;8.00
147.00;in;in_0;veh6;587.50;10.02
147.00;in;in_0;veh5;603.11;10.00
147.00;in;in_0;veh4;723.12;10.00
147.00;in;in_0;veh3;822.13;9.00
148.00;in;in_0;veh10;25.10;11.00
148.00;in;in_0;veh9;113.10;11.00
148.00;in;in_0;veh8;235.10;8.00
148.00;in;in_0;veh7;299.11;8.00
148.00;in;in_0;veh6;597.52;10.02
148.00;in;in_0;veh5;613.11;10.00
148.00;in;in_0;veh4;733.12;10.00
148.00;in;in_0;veh3;831.13;9.00
149.00;in;in_0;veh10;36.10;11.00
149.00;in;in_0;veh9;124.10;11.00
149.00;in;in_0;veh8;243.10;8.00
149.00;in;in_0;veh7;307.11;8.00
149.00;in;in_0;veh6;607.54;10.02
149.00;in;in_0;veh5;623.11;10.00
149.00;in;in_0;veh4;743.12;10.00
149.00;in;in_0;veh3;840.13;9.00
150.00;in;in_0;veh10;47.10;11.00
150.00;in;in_0;veh9;135.10;11.00
150.00;in;in_0;veh8;251.10;8.00
150.00;in;in_0;veh7;315.11;8.00
150.00;in;in_0;veh6;617.55;10.01
150.00;in;in_0;veh5;633.11;10.00
150.00;in;in_0;veh4;753.12;10.00
150.00;in;in_0;veh3;849.13;9.00
151.00;in;in_0;veh10;58.10;11.00
151.00;in;in_0;veh9;146.10;11.00
151.00;in;in_0;veh8;259.10;8.00
151.00;in;in_0;veh7;323.11;8.00
151.00;in;in_0;veh6;627.56;10.01
151.00;in;in_0;veh5;643.12;10.00
151.00;in;in_0;veh4;763.12;10.00
151.00;in;in_0;veh3;858.13;9.00
152.00;in;in_0;veh10;69.10;11.00
152.00;in;in_0;veh9;157.10;11.00
152.00;in;in_0;veh8;267.10;8.00
152.00;in;in_0;veh7;331.11;8.00
152.00;in;in_0;veh6;637.57;10.01
152.00;in;in_0;veh5;653.12;10.00
152.00;in;in_0;veh4;773.12;10.00
152.00;in;in_0;veh3;867.13;9.00
153.00;in;in_0;veh10;80.10;11.00
153.00;in;in_0;veh9;168.10;11.00
153.00;in;in_0;veh8;275.10;8.00
153.00;in;in_0;veh7;339.11;8.00
153.00;in;in_0;veh6;647.58;10.01
153.00;in;in_0;veh5;663.12;10.00
153.00;in;in_0;veh4;783.12;10.00
153.00;in;in_0;veh3;876.14;9.00
154.00;in;in_0;veh10;91.10;11.00
154.00;in;in_0;veh9;179.10;11.00
154.00;in;in_0;veh8;283.10;8.00
154.00;in;in_0;veh7;347.11;8.00
154.00;in;in_0;veh6;657.58;10.01
154.00;in;in_0;veh5;673.12;10.00
154.00;in;in_0;veh4;793.12;10.00
154.00;in;in_0;veh3;885.14;9.00
155.00;in;in_0;veh10;102.10;11.00
155.00;in;in_0;veh9;190.10;11.00
155.00;in;in_0;veh8;291.11;8.00
155.00;in;in_0;veh7;355.11;8.00
155.00;in;in_0;veh6;667.59;10.01
155.00;in;in_0;veh5;683.12;10.00
155.00;in;in_0;veh4;803.12;10.00
155.00;in;in_0;veh3;894.14;9.00
156.00;in;in_0;veh10;113.10;11.00
156.00;in;in_0;veh9;201.10;11.00
156.00;in;in_0;veh8;299.11;8.00
156.00;in;in_0;veh7;363.11;8.00
156.00;in;in_0;veh6;677.59;10.00
156.00;in;in_0;veh5;693.12;10.00
156.00;in;in_0;veh4;813.13;10.00
156.00;in;in_0;veh3;903.14;9.00
157.00;in;in_0;veh10;124.10;11.00
157.00;in;in_0;veh9;212.10;11.00
157.00;in;in_0;veh8;307.11;8.00
157.00;in;in_0;veh7;371.11;8.00
157.00;in;in_0;veh6;687.60;10.00
157.00;in;in_0;veh5;703.12;10.00
157.00;in;in_0;veh4;823.13;10.00
157.00;in;in_0;veh3;912.14;9.00
158.00;in;in_0;veh10;135.10;11.00
158.00;in;in_0;veh9;223.10;11.00
158.00;in;in_0;veh8;315.11;8.00
158.00;in;in_0;veh7;379.11;8.00
158.00;in;in_0;veh6;697.60;10.00
158.00;in;in_0;veh5;713.12;10.00
158.00;in;in_0;veh4;833.13;10.00
158.00;in;in_0;veh3;921.14;9.00
159.00;in;in_0;veh10;146.10;11.00
159.00;in;in_0;veh9;234.10;11.00
159.00;in;in_0;veh8;323.11;8.00
159.00;in;in_0;veh7;387.11;8.00
159.00;in;in_0;veh6;707.61;10.00
159.00;in;in_0;veh5;723.12;10.00
159.00;in;in_0;veh4;843.13;10.00
159.00;in;in_0;veh3;930.14;9.00
160.00;in;in_0;veh10;157.10;11.00
160.00;in;in_0;veh9;245.10;11.00
160.00;in;in_0;veh8;331.11;8.00
160.00;in;in_0;veh7;395.11;8.00
160.00;in;in_0;veh6;717.61;10.00
160.00;in;in_0;veh5;733.12;10.00
160.00;in;in_0;veh4;853.13;10.00
160.00;in;in_0;veh3;939.14;9.00
161.00;in;in_0;veh10;168.10;11.00
161.00;in;in_0;veh9;256.10;11.00
161.00;in;in_0;veh8;339.11;8.00
161.00;in;in_0;veh7;403.11;8.00
161.00;in;in_0;veh6;727.61;10.00
161.00;in;in_0;veh5;743.12;10.00
161.00;in;in_0;veh4;863.13;10.00
161.00;in;in_0;veh3;948.14;9.00
162.00;in;in_0;veh10;179.10;11.00
162.00;in;in_0;veh9;267.10;11.00
162.00;in;in_0;veh8;347.11;8.00
162.00;in;in_0;veh7;411.11;8.00
162.00;in;in_0;veh6;737.61;10.00
162.00;in;in_0;veh5;753.12;10.00
162.00;in;in_0;veh4;873.13;10.00
162.00;in;in_0;veh3;957.14;9.00
163.00;in;in_0;veh10;190.10;11.00
163.00;in;in_0;veh9;278.10;11.00
163.00;in;in_0;veh8;355.11;8.00
163.00;in;in_0;veh7;419.11;8.00
163.00;in;in_0;veh6;747.61;10.00
163.00;in;in_0;veh5;763.12;10.00
163.00;in;in_0;veh4;883.13;10.00
163.00;in;in_0;veh3;966.14;9.00
164.00;in;in_0;veh10;201.10;11.00
164.00;in;in_0;veh9;289.10;11.00
164.00;in;in_0;veh8;363.11;8.00
164.00;in;in_0;veh7;427.11;8.00
164.00;in;in_0;veh6;757.62;10.00
164.00;in;in_0;veh5;773.12;10.00
164.00;in;in_0;veh4;893.13;10.00
164.00;in;in_0;veh3;975.14;9.00
165.00;in;in_0;veh10;212.10;11.00
165.00;in;in_0;veh9;300.10;11.00
165.00;in;in_0;veh8;371.11;8.00
165.00;in;in_0;veh7;435.11;8.00
165.00;in;in_0;veh6;767.62;10.00
165.00;in;in_0;veh5;783.12;10.00
165.00;in;in_0;veh4;903.13;10.00
165.00;in;in_0;veh3;984.14;9.00
166.00;in;in_0;veh10;223.10;11.00
166.00;in;in_0;veh9;311.10;11.00
166.00;in;in_0;veh8;379.11;8.00
166.00;in;in_0;veh7;443.11;8.00
166.00;in;in_0;veh6;777.62;10.00
166.00;in;in_0;veh5;793.12;10.00
166.00;in;in_0;veh4;913.13;10.00
166.00;in;in_0;veh3;993.15;9.00
167.00;in;in_0;veh10;234.10;11.00
167.00;in;in_0;veh9;322.10;11.00
167.00;in;in_0;veh8;387.11;8.00
167.00;in;in_0;veh7;451.11;8.00
167.00;in;in_0;veh6;787.62;10.00
167.00;in;in_0;veh5;803.12;10.00
167.00;in;in_0;veh4;923.13;10.00
168.00;in;in_0;veh10;245.10;11.00
168.00;in;in_0;veh9;333.10;11.00
168.00;in;in_0;veh8;395.11;8.00
168.00;in;in_0;veh7;459.11;8.00
168.00;in;in_0;veh6;797.62;10.00
168.00;in;in_0;veh5;813.12;10.00
168.00;in;in_0;veh4;933.13;10.00
169.00;in;in_0;veh10;256.10;11.00
169.00;in;in_0;veh9;344.10;11.00
169.00;in;in_0;veh8;403.11;8.00
169.00;in;in_0;veh7;467.11;8.00
169.00;in;in_0;veh6;807.62;10.00
169.00;in;in_0;veh5;823.12;10.00
169.00;in;in_0;veh4;943.13;10.00
170.00;in;in_0;veh10;267.10;11.00
170.00;in;in_0;veh9;355.10;11.00
170.00;in;in_0;veh8;411.11;8.00
170.00;in;in_0;veh7;475.11;8.00
170.00;in;in_0;veh6;817.62;10.00
170.00;in;in_0;veh5;833.13;10.00
170.00;in;in_0;veh4;953.13;10.00
171.00;in;in_0;veh10;278.10;11.00
171.00;in;in_0;veh9;366.10;11.00
171.00;in;in_0;veh8;419.11;8.00
171.00;in;in_0;veh7;483.11;8.00
171.00;in;in_0;veh6;827.62;10.00
171.00;in;in_0;veh5;843.13;10.00
171.00;in;in_0;veh4;963.14;10.00
172.00;in;in_0;veh10;289.10;11.00
172.00;in;in_0;veh9;377.10;11.00
172.00;in;in_0;veh8;427.11;8.00
172.00;in;in_0;veh7;491.11;8.00
172.00;in;in_0;veh6;837.62;10.00
172.00;in;in_0;veh5;853.13;10.00
172.00;in;in_0;veh4;973.14;10.00
173.00;in;in_0;veh10;300.10;11.00
173.00;in;in_0;veh9;388.11;11.00
173.00;in;in_0;veh8;435.11;8.00
173.00;in;in_0;veh7;499.11;8.00
173.00;in;in_0;veh6;847.62;10.00
173.00;in;in_0;veh5;863.13;10.00
173.00;in;in_0;veh4;983.14;10.00
174.00;in;in_0;veh10;311.10;11.00
174.00;in;in_0;veh9;399.11;11.00
174.00;in;in_0;veh8;443.11;8.00
174.00;in;in_0;veh7;507.11;8.00
174.00;in;in_0;veh6;857.63;10.00
174.00;in;in_0;veh5;873.13;10.00
174.00;in;in_0;veh4;993.14;10.00
175.00;in;in_0;veh10;322.10;11.00
175.00;in;in_0;veh9;410.11;11.00
175.00;in;in_0;veh8;451.11;8.00
175.00;in;in_0;veh7;515.12;8.00
175.00;in;in_0;veh6;867.63;10.00
175.00;in;in_0;veh5;883.13;10.00
176.00;in;in_0;veh10;333.10;11.00
176.00;in;in_0;veh9;421.11;11.00
176.00;in;in_0;veh8;459.11;8.00
176.00;in;in_0;veh7;523.12;8.00
176.00;in;in_0;veh6;877.63;10.00
176.00;in;in_0;veh5;893.13;10.00
177.00;in;in_0;veh10;344.10;11.00
177.00;in;in_0;veh9;432.11;11.00
177.00;in;in_0;veh8;467.11;8.00
177.00;in;in_0;veh7;531.12;8.00
177.00;in;in_0;veh6;887.63;10.00
177.00;in;in_0;veh5;903.13;10.00
178.00;in;in_0;veh10;355.10;11.00
178.00;in;in_0;veh9;443.11;11.00
178.00;in;in_0;veh8;475.11;8.00
178.00;in;in_0;veh7;539.12;8.00
178.00;in;in_0;veh6;897.63;10.00
178.00;in;in_0;veh5;913.13;10.00
179.00;in;in_0;veh10;366.10;11.00
179.00;in;in_0;veh9;454.11;11.00
179.00;in;in_0;veh8;483.11;8.00
179.00;in;in_0;veh7;547.12;8.00
179.00;in;in_0;veh6;907.63;10.00
179.00;in;in_0;veh5;923.13;10.00
180.00;in;in_0;veh10;377.10;11.00
180.00;in;in_0;veh9;465.02;10.92
180.00;in;in_0;veh8;491.11;8.00
180.00;in;in_0;veh7;555.12;8.00
180.00;in;in_0;veh6;917.63;10.00
180.00;in;in_0;veh5;933.13;10.00
181.00;in;in_0;veh10;388.10;11.00
181.00;in;in_0;veh9;475.46;10.43
181.00;in;in_0;veh8;499.11;8.00
181.00;in;in_0;veh7;563.12;8.00
181.00;in;in_0;veh6;927.63;10.00
181.00;in;in_0;veh5;943.13;10.00
182.00;in;in_0;veh10;399.11;11.00
182.00;in;in_0;veh9;485.48;10.03
182.00;in;in_0;veh8;507.12;8.00
182.00;in;in_0;veh7;571.12;8.00
182.00;in;in_0;veh6;937.63;10.00
182.00;in;in_0;veh5;953.13;10.00
183.00;in;in_0;veh10;410.11;11.00
183.00;in;in_0;veh9;495.11;9.63
183.00;in;in_0;veh8;515.12;8.00
183.00;in;in_0;veh7;579.12;8.00
183.00;in;in_0;veh6;947.63;10.00
183.00;in;in_0;veh5;963.13;10.00
184.00;in;in_0;veh10;421.11;11.00
184.00;in;in_0;veh9;504.41;9.30
184.00;in;in_0;veh8;523.12;8.00
184.00;in;in_0;veh7;587.12;8.00
184.00;in;in_0;veh6;957.63;10.00
184.00;in;in_0;veh5;973.13;10.00
185.00;in;in_0;veh10;432.11;11.00
185.00;in;in_0;veh9;513.45;9.04
185.00;in;in_0;veh8;531.12;8.00
185.00;in;in_0;veh7;595.12;8.00
185.00;in;in_0;veh6;967.63;10.00
185.00;in;in_0;veh5;983.14;10.00
186.00;in;in_0;veh10;443.11;11.00
186.00;in;in_0;veh9;522.29;8.83
186.00;in;in_0;veh8;539.12;8.00
186.00;in;in_0;veh7;603.12;8.00
186.00;in;in_0;veh6;977.63;10.00
186.00;in;in_0;veh5;993.14;10.00
187.00;in;in_0;veh10;454.11;11.00
187.00;in;in_0;veh9;530.95;8.67
187.00;in;in_0;veh8;547.12;8.00
187.00;in;in_0;veh7;611.12;8.00
187.00;in;in_0;veh6;987.63;10.00
188.00;in;in_0;veh10;465.11;11.00
188.00;in;in_0;veh9;539.49;8.53
188.00;in;in_0;veh8;555.12;8.00
188.00;in;in_0;veh7;619.12;8.00
188.00;in;in_0;veh6;997.64;10.00
189.00;in;in_0;veh10;476.11;11.00
189.00;in;in_0;veh9;547.91;8.43
189.00;in;in_0;veh8;563.12;8.00
189.00;in;in_0;veh7;627.12;8.00
190.00;in;in_0;veh10;487.11;11.00
190.00;in;in_0;veh9;556.25;8.34
190.00;in;in_0;veh8;571.12;8.00
190.00;in;in_0;veh7;635.12;8.00
191.00;in;in_0;veh10;498.11;11.00
191.00;in;in_0;veh9;564.53;8.27
191.00;in;in_0;veh8;579.12;8.00
191.00;in;in_0;veh7;643.12;8.00
192.00;in;in_0;veh10;509.11;11.00
192.00;in;in_0;veh9;572.75;8.22
192.00;in;in_0;veh8;587.12;8.00
192.00;in;in_0;veh7;651.12;8.00
193.00;in;in_0;veh10;520.11;11.00
193.00;in;in_0;veh9;580.92;8.18
193.00;in;in_0;veh8;595.12;8.00
193.00;in;in_0;veh7;659.13;8.00
194.00;in;in_0;veh10;531.11;11.00
194.00;in;in_0;veh9;589.06;8.14
194.00;in;in_0;veh8;603.12;8.00
194.00;in;in_0;veh7;667.13;8.00
195.00;in;in_0;veh10;542.11;11.00
195.00;in;in_0;veh9;597.17;8.11
195.00;in;in_0;veh8;611.12;8.00
195.00;in;in_0;veh7;675.13;8.00
196.00;in;in_0;veh10;553.11;11.00
196.00;in;in_0;veh9;605.26;8.09
196.00;in;in_0;veh8;619.12;8.00
196.00;in;in_0;veh7;683.13;8.00
197.00;in;in_0;veh10;564.11;11.00
197.00;in;in_0;veh9;613.34;8.07
197.00;in;in_0;veh8;627.12;8.00
197.00;in;in_0;veh7;691.13;8.00
198.00;in;in_0;veh10;575.11;11.00
198.00;in;in_0;veh9;621.39;8.06
198.00;in;in_0;veh8;635.12;8.00
198.00;in;in_0;veh7;699.13;8.00
199.00;in;in_0;veh10;586.11;11.00
199.00;in;in_0;veh9;629.44;8.05
199.00;in;in_0;veh8;643.12;8.00
199.00;in;in_0;veh7;707.13;8.00
200.00;in;in_0;veh10;597.11;11.00
200.00;in;in_0;veh9;637.48;8.04
200.00;in;in_0;veh8;651.13;8.00
200.00;in;in_0;veh7;715.13;8.00
201.00;in;in_0;veh10;608.11;11.00
201.00;in;in_0;veh9;645.51;8.03
201.00;in;in_0;veh8;659.13;8.00
201.00;in;in_0;veh7;723.13;8.00
202.00;in;in_0;veh10;619.11;11.00
202.00;in;in_0;veh9;653.53;8.02
202.00;in;in_0;veh8;667.13;8.00
202.00;in;in_0;veh7;731.13;8.00
203.00;in;in_0;veh10;630.11;11.00
203.00;in;in_0;veh9;661.55;8.02
203.00;in;in_0;veh8;675.13;8.00
203.00;in;in_0;veh7;739.13;8.00
204.00;in;in_0;veh10;641.11;11.00
204.00;in;in_0;veh9;669.57;8.02
204.00;in;in_0;veh8;683.13;8.00
204.00;in;in_0;veh7;747.13;8.00
205.00;in;in_0;veh10;651.95;10.84
205.00;in;in_0;veh9;677.58;8.01
205.00;in;in_0;veh8;691.13;8.00
205.00;in;in_0;veh7;755.13;8.00
206.00;in;in_0;veh10;662.31;10.36
206.00;in;in_0;veh9;685.59;8.01
206.00;in;in_0;veh8;699.13;8.00
206.00;in;in_0;veh7;763.13;8.00
207.00;in;in_0;veh10;672.28;9.96
207.00;in;in_0;veh9;693.60;8.01
207.00;in;in_0;veh8;707.13;8.00
207.00;in;in_0;veh7;771.13;8.00
208.00;in;in_0;veh10;681.85;9.57
208.00;in;in_0;veh9;701.60;8.01
208.00;in;in_0;veh8;715.13;8.00
208.00;in;in_0;veh7;779.14;8.00
209.00;in;in_0;veh10;691.10;9.26
209.00;in;in_0;veh9;709.61;8.01
209.00;in;in_0;veh8;723.13;8.00
209.00;in;in_0;veh7;787.14;8.00
210.00;in;in_0;veh10;700.11;9.01
210.00;in;in_0;veh9;717.61;8.00
210.00;in;in_0;veh8;731.13;8.00
210.00;in;in_0;veh7;795.14;8.00
211.00;in;in_0;veh10;708.91;8.80
211.00;in;in_0;veh9;725.62;8.00
211.00;in;in_0;veh8;739.13;8.00
211.00;in;in_0;veh7;803.14;8.00
212.00;in;in_0;veh10;717.56;8.64
212.00;in;in_0;veh9;733.62;8.00
212.00;in;in_0;veh8;747.13;8.00
212.00;in;in_0;veh7;811.14;8.00
213.00;in;in_0;veh10;726.07;8.52
213.00;in;in_0;veh9;741.62;8.00
213.00;in;in_0;veh8;755.13;8.00
213.00;in;in_0;veh7;819.14;8.00
214.00;in;in_0;veh10;734.48;8.41
214.00;in;in_0;veh9;749.63;8.00
214.00;in;in_0;veh8;763.13;8.00
214.00;in;in_0;veh7;827.14;8.00
215.00;in;in_0;veh10;742.81;8.33
215.00;in;in_0;veh9;757.63;8.00
215.00;in;in_0;veh8;771.14;8.00
215.00;in;in_0;veh7;835.14;8.00
216.00;in;in_0;veh10;751.08;8.26
216.00;in;in_0;veh9;765.63;8.00
216.00;in;in_0;veh8;779.14;8.00
216.00;in;in_0;veh7;843.14;8.00
217.00;in;in_0;veh10;759.29;8.21
217.00;in;in_0;veh9;773.63;8.00
217.00;in;in_0;veh8;787.14;8.00
217.00;in;in_0;veh7;851.14;8.00
218.00;in;in_0;veh10;767.46;8.17
218.00;in;in_0;veh9;781.63;8.00
218.00;in;in_0;veh8;795.14;8.00
218.00;in;in_0;veh7;859.14;8.00
219.00;in;in_0;veh10;775.60;8.14
219.00;in;in_0;veh9;789.63;8.00
219.00;in;in_0;veh8;803.14;8.00
219.00;in;in_0;veh7;867.14;8.00
220.00;in;in_0;veh10;783.70;8.11
220.00;in;in_0;veh9;797.64;8.00
220.00;in;in_0;veh8;811.14;8.00
220.00;in;in_0;veh7;875.15;8.00
221.00;in;in_0;veh10;791.79;8.09
221.00;in;in_0;veh9;805.64;8.00
221.00;in;in_0;veh8;819.14;8.00
221.00;in;in_0;veh7;883.15;8.00
222.00;in;in_0;veh10;799.86;8.07
222.00;in;in_0;veh9;813.64;8.00
222.00;in;in_0;veh8;827.14;8.00
222.00;in;in_0;veh7;891.15;8.00
223.00;in;in_0;veh10;807.92;8.06
223.00;in;in_0;veh9;821.64;8.00
223.00;in;in_0;veh8;835.14;8.00
223.00;in;in_0;veh7;899.15;8.00
224.00;in;in_0;veh10;815.96;8.04
224.00;in;in_0;veh9;829.64;8.00
224.00;in;in_0;veh8;843.14;8.00
224.00;in;in_0;veh7;907.15;8.00
225.00;in;in_0;veh10;824.00;8.04
225.00;in;in_0;veh9;837.64;8.00
225.00;in;in_0;veh8;851.14;8.00
225.00;in;in_0;veh7;915.15;8.00
226.00;in;in_0;veh10;832.03;8.03
226.00;in;in_0;veh9;845.64;8.00
226.00;in;in_0;veh8;859.14;8.00
226.00;in;in_0;veh7;923.15;8.00
227.00;in;in_0;veh10;840.05;8.02
227.00;in;in_0;veh9;853.64;8.00
227.00;in;in_0;veh8;867.14;8.00
227.00;in;in_0;veh7;931.15;8.00
228.00;in;in_0;veh10;848.07;8.02
228.00;in;in_0;veh9;861.64;8.00
228.00;in;in_0;veh8;875.15;8.00
228.00;in;in_0;veh7;939.15;8.00
229.00;in;in_0;veh10;856.08;8.02
229.00;in;in_0;veh9;869.64;8.00
229.00;in;in_0;veh8;883.15;8.00
229.00;in;in_0;veh7;947.15;8.00
230.00;in;in_0;veh10;864.10;8.01
230.00;in;in_0;veh9;877.65;8.00
230.00;in;in_0;veh8;891.15;8.00
230.00;in;in_0;veh7;955.15;8.00
231.00;in;in_0;veh10;872.11;8.01
231.00;in;in_0;veh9;885.65;8.00
231.00;in;in_0;veh8;899.15;8.00
231.00;in;in_0;veh7;963.15;8.00
232.00;in;in_0;veh10;880.12;8.01
232.00;in;in_0;veh9;893.65;8.00
232.00;in;in_0;veh8;907.15;8.00
232.00;in;in_0;veh7;971.16;8.00
233.00;in;in_0;veh10;888.12;8.01
233.00;in;in_0;veh9;901.65;8.00
233.00;in;in_0;veh8;915.15;8.00
233.00;in;in_0;veh7;979.16;8.00
234.00;in;in_0;veh10;896.13;8.01
234.00;in;in_0;veh9;909.65;8.00
234.00;in;in_0;veh8;923.15;8.00
234.00;in;in_0;veh7;987.16;8.00
235.00;in;in_0;veh10;904.13;8.00
235.00;in;in_0;veh9;917.65;8.00
235.00;in;in_0;veh8;931.15;8.00
235.00;in;in_0;veh7;995.16;8.00
236.00;in;in_0;veh10;912.14;8.00
236.00;in;in_0;veh9;925.65;8.00
236.00;in;in_0;veh8;939.15;8.00
237.00;in;in_0;veh10;920.14;8.00
237.00;in;in_0;veh9;933.65;8.00
237.00;in;in_0;veh8;947.15;8.00
238.00;in;in_0;veh10;928.14;8.00
238.00;in;in_0;veh9;941.65;8.00
238.00;in;in_0;veh8;955.15;8.00
239.00;in;in_0;veh10;936.14;8.00
239.00;in;in_0;veh9;949.65;8.00
239.00;in;in_0;veh8;963.15;8.00
240.00;in;in_0;veh10;944.15;8.00
240.00;in;in_0;veh9;957.65;8.00
240.00;in;in_0;veh8;971.16;8.00
241.00;in;in_0;veh10;952.15;8.00
241.00;in;in_0;veh9;965.65;8.00
241.00;in;in_0;veh8;979.16;8.00
242.00;in;in_0;veh10;960.15;8.00
242.00;in;in_0;veh9;973.66;8.00
242.00;in;in_0;veh8;987.16;8.00
243.00;in;in_0;veh10;968.15;8.00
243.00;in;in_0;veh9;981.66;8.00
243.00;in;in_0;veh8;995.16;8.00
244.00;in;in_0;veh10;976.15;8.00
244.00;in;in_0;veh9;989.66;8.00
245.00;in;in_0;veh10;984.15;8.00
245.00;in;in_0;veh9;997.66;8.00
246.00;in;in_0;veh10;992.16;8.00
247.00;;;;;
